{
  "creation_date": "2025-11-03T20:36:36.974984",
  "total_examples": 450,
  "total_features": 85,
  "datasets_included": [
    "Dataset1",
    "Dataset2",
    "Dataset3",
    "Dataset4",
    "Dataset5",
    "Dataset6",
    "Dataset7",
    "Dataset8",
    "Dataset9",
    "Dataset10",
    "Dataset11",
    "Dataset12",
    "Dataset13",
    "Dataset14",
    "Dataset15",
    "Dataset16",
    "Dataset17",
    "Dataset18",
    "Dataset19",
    "Dataset20",
    "Dataset21",
    "Dataset22",
    "Dataset23",
    "Dataset24",
    "Dataset25",
    "Dataset26",
    "Dataset27",
    "Dataset28",
    "Dataset29",
    "Dataset30"
  ],
  "removed_empty_columns": [
    "actual_binary_count",
    "actual_duplicate_rate",
    "correlation_with_target_max",
    "correlation_with_target_mean",
    "feature_importance_gini"
  ],
  "removed_useless_columns": [
    "dataset_name",
    "fraud_detection_suitability",
    "training_efficiency",
    "feature_engineering_level",
    "recommended_use_case",
    "created_timestamp",
    "example_id"
  ],
  "fraud_rates": {
    "Dataset1": 0.05200149644594089,
    "Dataset2": 0.05,
    "Dataset3": 0.0611,
    "Dataset4": 0.05216,
    "Dataset5": 0.06,
    "Dataset6": 0.05200149644594089,
    "Dataset7": 0.05,
    "Dataset8": 0.045,
    "Dataset9": 0.0453,
    "Dataset10": 0.10925,
    "Dataset11": 0.06773333333333334,
    "Dataset12": 0.01255,
    "Dataset13": 0.03238888888888889,
    "Dataset14": 0.03383333333333333,
    "Dataset15": 0.0852,
    "Dataset16": 0.0124,
    "Dataset17": 0.05012,
    "Dataset18": 0.061142857142857145,
    "Dataset19": 0.04559090909090909,
    "Dataset20": 0.02275,
    "Dataset21": 0.11833333333333333,
    "Dataset22": 0.04655555555555556,
    "Dataset23": 0.013733333333333334,
    "Dataset24": 0.0495,
    "Dataset25": 0.1024,
    "Dataset26": 0.014034919646492467,
    "Dataset27": 0.03068421052631579,
    "Dataset28": 0.03608,
    "Dataset29": 0.011685714285714285,
    "Dataset30": 0.03378571428571429
  },
  "normalization_applied": true,
  "normalized_features_count": 38,
  "statistics": {
    "fraud_rate_mean": 0.04857716985492209,
    "fraud_rate_std": 0.02704494115781045,
    "fraud_rate_min": 0.011685714285714285,
    "fraud_rate_max": 0.11833333333333333,
    "cv_score_mean": 0.9223936330711111,
    "cv_score_std": 0.09527239273372105,
    "score_category_distribution": {
      "poor": 370,
      "fair": 30,
      "good": 25,
      "excellent": 25
    }
  },
  "feature_categories": {
    "dataset_metadata": [
      "dataset_rows",
      "dataset_columns",
      "fraud_rate",
      "imbalance_ratio",
      "dataset_size_category",
      "dataset_rows_norm",
      "dataset_columns_norm",
      "fraud_rate_norm",
      "imbalance_ratio_norm"
    ],
    "statistical_features": [
      "actual_numeric_count",
      "actual_categorical_count",
      "actual_missing_rate",
      "numeric_mean_std",
      "numeric_mean_skewness",
      "numeric_correlation_strength",
      "numeric_mean_kurtosis",
      "numeric_variance_max",
      "numeric_variance_mean",
      "actual_numeric_count_norm",
      "actual_categorical_count_norm",
      "actual_missing_rate_norm",
      "numeric_mean_std_norm",
      "numeric_mean_skewness_norm",
      "numeric_correlation_strength_norm",
      "numeric_mean_kurtosis_norm",
      "numeric_variance_max_norm",
      "numeric_variance_mean_norm"
    ],
    "feature_engineering": [
      "total_features_engineered",
      "top_feature_importance",
      "avg_feature_importance",
      "feature_importance_entropy",
      "top5_feature_concentration",
      "top10_feature_concentration",
      "feature_importance_std",
      "num_dominant_features",
      "total_features_engineered_norm",
      "top_feature_importance_norm",
      "avg_feature_importance_norm",
      "feature_importance_entropy_norm",
      "top5_feature_concentration_norm",
      "top10_feature_concentration_norm",
      "feature_importance_std_norm",
      "num_dominant_features_norm"
    ],
    "model_hyperparameters": [
      "max_depth",
      "learning_rate",
      "n_estimators",
      "subsample",
      "gamma",
      "reg_alpha",
      "reg_lambda",
      "max_depth_norm",
      "learning_rate_norm",
      "n_estimators_norm",
      "subsample_norm",
      "gamma_norm",
      "reg_alpha_norm",
      "reg_lambda_norm"
    ],
    "performance_metrics": [
      "target_cv_score",
      "target_test_score",
      "target_precision",
      "target_recall",
      "target_roc_auc",
      "overfitting_score",
      "score_stability",
      "overfitting_score_norm",
      "score_stability_norm"
    ],
    "derived_features": [
      "complexity_score",
      "dataset_quality_score",
      "hyperparameter_diversity",
      "model_complexity",
      "complexity_score_norm",
      "dataset_quality_score_norm",
      "hyperparameter_diversity_norm",
      "model_complexity_norm"
    ],
    "normalized_features": [
      "dataset_rows_norm",
      "dataset_columns_norm",
      "fraud_rate_norm",
      "imbalance_ratio_norm",
      "actual_numeric_count_norm",
      "actual_categorical_count_norm",
      "actual_missing_rate_norm",
      "numeric_mean_std_norm",
      "numeric_mean_skewness_norm",
      "numeric_correlation_strength_norm",
      "numeric_mean_kurtosis_norm",
      "numeric_variance_max_norm",
      "numeric_variance_mean_norm",
      "total_features_engineered_norm",
      "top_feature_importance_norm",
      "avg_feature_importance_norm",
      "feature_importance_entropy_norm",
      "top5_feature_concentration_norm",
      "top10_feature_concentration_norm",
      "feature_importance_std_norm",
      "num_dominant_features_norm",
      "max_depth_norm",
      "learning_rate_norm",
      "n_estimators_norm",
      "subsample_norm",
      "colsample_bytree_norm",
      "gamma_norm",
      "min_child_weight_norm",
      "reg_alpha_norm",
      "reg_lambda_norm",
      "scale_pos_weight_norm",
      "overfitting_score_norm",
      "score_stability_norm",
      "complexity_score_norm",
      "structure_target_distribution_norm",
      "dataset_quality_score_norm",
      "hyperparameter_diversity_norm",
      "model_complexity_norm"
    ]
  }
}